id,valeur_NO2,valeur_CO,valeur_O3,valeur_PM10,valeur_PM25
2024-09-03 23,22.61173345040239,0.20758734682180538,43.2043881550818,11.230149892033593,6.8887599343789825
2024-09-04 00,19.8001820678947,0.19437563785342163,47.38861995643074,11.549197813846233,6.684519615823263
2024-09-04 01,19.370732317625485,0.20099425815945293,41.53821530536743,12.350876642768917,7.659389031475234
2024-09-04 02,18.43631569280562,0.17487492661370743,41.748238352725394,11.330249603282502,6.640536091484345
2024-09-04 03,17.9027077473584,0.16467104727349313,38.26794819337588,11.599252552087956,6.3810536142841086
2024-09-04 04,19.20542245113686,0.18162281719274942,36.31528706809908,12.79362202675151,7.0420897670026115
2024-09-04 05,17.635987190593813,0.1806760669315338,29.542698159731607,12.897808636590717,7.351932818106684
2024-09-04 06,17.4342841012466,0.18512076780273196,29.29704399579464,14.284493062029904,7.714796033978938
2024-09-04 07,18.320900357926288,0.19282907165345153,32.25071515056513,15.388842187139783,8.35599621396178
2024-09-04 08,18.228007303271824,0.18999491558016895,37.31001945338812,15.450529428804916,8.53467747769192
2024-09-04 09,18.07626204336427,0.21997487854688696,53.07697608455586,15.143143823974304,8.734998049196989
2024-09-04 10,17.445590977882826,0.20736986782953284,64.07571743319262,15.881400973737401,8.770135892030526
2024-09-04 11,18.450704563440052,0.23013261160065726,74.65888442541923,15.332429305860725,9.078574845828209
2024-09-04 12,15.536852193169143,0.18325912561325958,76.16274608477427,15.571096146434698,8.155848160154791
2024-09-04 13,14.620035138022596,0.18990149396836586,80.17561757329796,15.42645945429249,7.996728107776475
2024-09-04 14,14.495793686391446,0.17416315067263652,77.58291283138223,14.752240931003147,7.40553374750369
2024-09-04 15,14.040626565238785,0.18777987000131843,78.93216138971279,15.060301277629847,7.988691996953137
2024-09-04 16,15.020875397466567,0.18026120204205817,74.96186823213145,14.741920785728597,7.602303509919489
2024-09-04 17,16.563388125148382,0.19954754610249464,69.196905710585,16.23436885531654,8.137509858825346
2024-09-04 18,17.283604429940343,0.20747737140964012,67.6889548627512,16.94069008938359,9.229513397204798
2024-09-04 19,18.765124504678646,0.20771039830094923,58.47656067006969,16.65681828729002,9.166518802288236
2024-09-04 20,18.782068450669684,0.2047942382000734,54.19256221717075,15.992342005503204,8.824791878892853
2024-09-04 21,17.82421635773757,0.1834530785501276,46.67938858481777,14.560087785466656,7.8047748601360265
2024-09-04 22,18.283967692492414,0.20309308365349046,45.93194733769213,14.08647108228106,7.914765645588209
2024-09-04 23,17.085153089075533,0.1773405935792073,50.27595691493504,14.066331398814787,7.889883214268538
2024-09-05 00,14.926403754537816,0.16636562876600913,47.89465255463137,13.489771381654313,7.4654281210583004
2024-09-05 01,15.523534813182117,0.16970413504737722,48.71191216100882,13.47825328294753,7.9163391844550315
2024-09-05 02,14.419711670156383,0.1621643174426857,48.82690366755795,13.287915518920855,7.321628961598588
2024-09-05 03,17.15262165160276,0.19728633205038143,49.96308577981158,14.065814086286842,9.0780317333018
2024-09-05 04,13.511931744446594,0.1520344683227075,38.872234052338605,12.23350503353383,6.89385739605869
2024-09-05 05,14.393497769845492,0.1624455630294237,32.0383238717225,11.808900768619745,7.281277149174817
2024-09-05 06,14.68456152708329,0.15823463701275883,25.763321689044204,13.375697389122994,7.354509121540219
2024-09-05 07,14.84394919916201,0.15982694345371146,27.062838640981937,14.695414403965572,7.6599289897060086
2024-09-05 08,14.722662188351336,0.17787600405268653,32.8409221714766,13.886069569908344,7.959406118633763
2024-09-05 09,14.167160436615163,0.17358432749341524,46.10629972796271,14.451811214605378,7.468049548101239
2024-09-05 10,14.090077367081069,0.17479471296787788,51.89467125282645,14.037688963615588,7.344820060649203
2024-09-05 11,14.531519121000427,0.1798544217631897,53.800059368652036,14.50546564545077,7.9397678406075975
2024-09-05 12,14.006271732563338,0.16773311900840404,57.15809714730696,14.622741468561632,7.084285396275077
2024-09-05 13,14.406091090667648,0.18428995564556216,62.44028026647258,14.916482745933967,7.858488808297519
2024-09-05 14,13.812338337130166,0.1647960333587125,58.6358835896585,14.087151062398762,7.06076114019042
2024-09-05 15,13.446590857467653,0.16617053290604714,61.24722129181322,14.27717339360333,7.0549547590849135
2024-09-05 16,14.454435485215056,0.1790470396880705,62.90919460518631,14.869778814779034,7.3883889339923705
2024-09-05 17,14.665019021147627,0.18036041424323557,59.26204999435507,14.877699223722054,7.375060539828888
2024-09-05 18,17.72738046672659,0.22481851655379742,55.085030791085366,15.561586196002473,8.8658361877842
2024-09-05 19,18.759062483399408,0.22012371519241458,51.194839921047894,15.85541368946614,9.015603934169595
2024-09-05 20,18.4688545503251,0.2058283706864864,48.47487690663255,15.762641248009183,9.361189481475279
2024-09-05 21,18.067419569438457,0.209273128848179,41.68522677242457,15.345532560230087,9.5449383276224
2024-09-05 22,14.38408800658185,0.1726991394293307,39.75761352222982,12.155793433200001,7.156394640791576
2024-09-05 23,16.381133291846968,0.23657479521147523,41.18473127135618,14.982408124489943,10.200749925198842
2024-09-06 00,16.56741600710899,0.26500799958049087,46.93921828390648,16.075929390839438,10.280204418472563
2024-09-06 01,12.743918084286074,0.20608930575485906,39.987672978519214,13.982805698284348,9.274860601472803
2024-09-06 02,12.701927449877655,0.181095195372527,41.515744522131556,12.819323951420314,7.557783220990164
2024-09-06 03,14.338752671151276,0.205865418824554,35.25878815984779,15.101459623262679,8.808065818518827
2024-09-06 04,15.994986202957687,0.21920293707839453,34.34968777846026,16.125888690764302,8.99122365312036
2024-09-06 05,14.768956026449594,0.18359768105598195,31.800970331882567,14.84711320504921,7.607483283001424
2024-09-06 06,16.839430802340544,0.22135824630379594,31.482670066336585,17.58092850891983,7.9581296075964865
2024-09-06 07,16.50122716344207,0.22975819882890525,31.26851400609097,16.77166021219436,9.497468049197694
2024-09-06 08,15.562095864718414,0.21574143555221068,39.36039484332121,16.520681351701942,9.074674980872375
2024-09-06 09,15.36034940611704,0.2166260282571929,50.885099528687505,17.106337517066603,9.24663711209518
2024-09-06 10,15.13958966769658,0.2125702937995459,58.40864542120185,17.81132740821509,9.636758386753993
2024-09-06 11,14.499503615000936,0.1890896207729152,61.54606812683662,17.149480763146528,9.017880786499502
2024-09-06 12,14.150415569028388,0.1833488599062996,65.36659850965549,16.48809829288689,9.134292666623068
2024-09-06 13,13.761333746074248,0.18436630782493016,64.50714088000434,16.412721594651725,8.513235578340089
2024-09-06 14,14.796955716065954,0.19060623949076694,68.7004261248667,17.597836233719484,9.502333742370558
2024-09-06 15,14.357407265691997,0.17338820341259567,66.01279063454723,15.503729559457096,8.221290234716108
2024-09-06 16,14.112712231928947,0.1686849551742159,62.420168633349085,15.353998623775402,8.086018020216285
2024-09-06 17,16.48438763052365,0.21035253871546278,64.0048344972135,17.529584219578098,10.376976429883559
2024-09-06 18,16.361013799040663,0.19448098873485692,58.050689655773944,16.18197014760822,8.976554067933526
2024-09-06 19,17.450869627572462,0.20891811556024723,53.361041439519866,17.08521814462766,9.997937333591361
2024-09-06 20,18.172260614176867,0.20878012252237124,50.87316015900223,16.98233616553545,9.739565077555515
2024-09-06 21,16.194228156830377,0.18990643636983398,43.46976124354592,15.804419029096413,8.41784997922699
2024-09-06 22,16.450140119555726,0.19397533753928833,46.59386377864549,15.742480792910712,8.730032847736481
2024-09-06 23,17.23250402721781,0.1928182194119346,45.71023188649401,15.006060739107319,8.823347080735708
2024-09-07 00,15.878898614285658,0.18977739879254715,46.82242815502925,14.525560572901881,8.587003433947295
2024-09-07 01,16.126694402953493,0.2390942004971249,49.35346569909407,16.15791027270997,10.651440511774986
2024-09-07 02,13.584627619409126,0.1833480732399064,40.40204185909134,13.39000736623761,8.317028306260202
2024-09-07 03,13.570948573630302,0.16097550237411942,36.50120079899199,12.266200804050825,7.276474473960586
2024-09-07 04,14.025871464161911,0.17263695477884466,34.07466144307634,12.911405487867881,7.720059226859958
2024-09-07 05,15.51436244282564,0.177602747454015,32.103018664425406,13.932555734412604,8.18928247013729
2024-09-07 06,15.53870978323192,0.18770556327377458,28.005705176884074,13.441636916996732,8.141822945623705
2024-09-07 07,14.996090274320668,0.1834244316491048,30.025625277107835,13.675734886136093,8.048572985466041
2024-09-07 08,16.223900778988384,0.21015549740282885,37.522570045477444,14.70845425275512,8.853215427982848
2024-09-07 09,15.671961951522631,0.19439184017139144,51.74890502907083,15.199192441797885,9.14945210846993
2024-09-07 10,15.944045710876148,0.2007140481614556,58.710297003806424,16.985277045171372,10.103085175920524
2024-09-07 11,13.473820890875118,0.19644650612506653,55.69314817023889,15.343680273877053,9.087969228171838
2024-09-07 12,14.83505013826314,0.1925192282851652,60.612986791288904,15.63608821066066,9.33481913716371
2024-09-07 13,14.972693580790484,0.17792647458804173,60.74155523234749,14.613364958229917,8.473394205843752
2024-09-07 14,15.303259321659535,0.1807194879400741,61.03008285480951,14.663952778696391,8.513362518743097
2024-09-07 15,15.352976838721231,0.19068310098403057,62.57939031557293,15.550382234254439,8.755110574010073
2024-09-07 16,15.131319628866786,0.18050324134239049,58.65753218305372,15.083972605185899,8.113642896917446
2024-09-07 17,15.53848116972476,0.1850958351984454,56.48347094180197,14.988504488053405,8.129396359223167
2024-09-07 18,15.592243664159522,0.18279392081775667,54.14427308483632,15.135933117331298,8.337167463920451
2024-09-07 19,15.571424078767635,0.1854584157547716,50.231211188493795,14.986138977349995,8.579272322292995
2024-09-07 20,16.139736205775908,0.18228630691372083,50.19034441791994,14.57915755352982,8.29284749164541
2024-09-07 21,15.04387988540452,0.17071916112652802,41.15249545413719,12.771242225873896,7.42138415547304
2024-09-07 22,14.631052414144156,0.1660206441142416,43.194708935321025,12.535387191543009,7.3860642829497785
2024-09-07 23,14.951945397858083,0.16514900895673318,43.20720265924213,12.617169840451178,7.297396090276413
2024-09-08 00,14.567330368105763,0.15724434398467532,45.129325427756264,11.921129571504622,6.783314642053242
2024-09-08 01,13.576955513295552,0.1512731337299709,44.57694848764934,11.485703422317277,6.777451818245423
2024-09-08 02,12.705267714443428,0.14418667230723353,41.804188363925185,11.419771665116636,6.519336562595755
2024-09-08 03,12.609264674290259,0.14841879157132926,40.387542985699724,11.554039692635765,6.542796841193835
2024-09-08 04,13.46842650936329,0.14881843458751046,33.133327349406756,11.635495110851254,6.554378773003836
2024-09-08 05,13.805570327570097,0.1527128249500535,29.03923542220576,11.701716346588698,6.87011071554665
2024-09-08 06,14.423145816173287,0.15998662323017318,25.871546941318535,12.832965641758632,7.075746948506497
2024-09-08 07,14.73488159360193,0.16763027677794928,31.429608746217514,13.577121659810162,7.388883047797595
2024-09-08 08,15.684478022047925,0.1658501098916558,36.07286245921305,13.226461488214303,7.066387645831566
2024-09-08 09,15.11157704848148,0.1681312487565169,51.15841048549858,14.023423988964389,7.413194936153254
2024-09-08 10,16.896163512676097,0.18704682904981884,60.52798397021921,15.502780636872219,8.496776030236155
2024-09-08 11,14.171424616079799,0.16842293824369284,65.72822897296611,13.981668152820797,7.416466652020835
2024-09-08 12,14.282756271248559,0.16305752279534846,66.89598337292657,13.76980958043337,6.95381592670764
2024-09-08 13,14.954472862029595,0.16348426726330126,67.0074975025019,14.301032758970944,7.079556198421942
2024-09-08 14,16.424500635646563,0.15721999431321684,63.201017272261076,13.842136760667708,6.974343996544878
2024-09-08 15,15.189378747398258,0.15886390599319888,60.967967899425325,14.350695649265157,7.005578044206078
2024-09-08 16,13.975257937228193,0.16048332579756533,56.58894595137348,13.488431871548931,6.894885668704939
2024-09-08 17,14.305121233349215,0.17223424884064964,55.87897700951348,14.072139049420125,7.339472574667196
2024-09-08 18,14.405497989758784,0.17345947551099694,51.44504737741728,13.421132916112153,7.450548411550928
2024-09-08 19,14.541499008481155,0.16594843330916137,46.11780883539929,13.247820149284781,7.420865338429881
2024-09-08 20,14.911822552613222,0.16243888629354408,44.646708235914836,12.624078652339822,7.185981407267948
2024-09-08 21,15.173341074906881,0.1598202503063262,35.870205758617594,11.835617358137329,6.892595380314632
2024-09-08 22,13.795255143440965,0.15069140857546712,37.40714798669733,11.049905184740561,6.454660809971463
2024-09-08 23,14.137557047600433,0.15281459347224027,38.9563073171832,11.492935655825752,6.888122099486135
2024-09-09 00,12.74409718367859,0.1362480585145981,39.78472949857334,11.640617354286544,6.2174807826319896
2024-09-09 01,12.91798671692268,0.14033622191231462,38.56859398209197,11.148283859626002,6.4912677601347655
2024-09-09 02,12.546811628044292,0.13644820247524708,37.61652055294888,10.658230339455091,5.980759487975911
2024-09-09 03,13.836439435927387,0.15028353175513431,38.65722565882869,12.394276483376677,6.931988739588962
2024-09-09 04,13.635259492242119,0.14380097293928712,32.23653573444047,11.1253490596136,6.344798260541521
2024-09-09 05,14.994770434246984,0.15133348152871304,28.121190343369637,12.481737889226048,6.681272213773813
2024-09-09 06,17.178021116375128,0.17637591765580357,26.112662313785094,14.637228166635898,7.990288723429001
2024-09-09 07,16.705500989336908,0.17890957985611813,30.87932804562697,15.414985504432986,7.811601071120305
2024-09-09 08,16.7820323527647,0.1829016169195662,37.94936476421979,15.46023555911595,8.129959966164707
2024-09-09 09,16.407465675619587,0.18300101139902344,47.47104478515413,14.687455899570358,8.603148550612303
2024-09-09 10,15.53926837837425,0.17699822901529091,53.51123289113386,14.5054156059369,8.193227260872675
2024-09-09 11,14.740035766987852,0.1582012270662508,56.146691317920755,13.753764199144015,7.259691383675877
2024-09-09 12,15.029708366964774,0.15700731721435207,59.70773004087317,14.563520339393321,7.336393784798325
2024-09-09 13,14.574659866984426,0.1628066997764857,61.69051471531838,14.35031517807624,7.643010183244429
2024-09-09 14,14.229354330594255,0.1607462385602102,61.82163306142846,14.227393589096044,7.502046343870065
2024-09-09 15,13.69937044026683,0.1542473019883279,59.25956204594938,13.813188211695334,7.235897534899876
2024-09-09 16,13.333710283240531,0.16197099468310203,60.39139455405636,13.795857575587922,7.632300001194368
2024-09-09 17,14.695358910322346,0.16771113025256673,57.81193482373867,14.280899975447463,7.697413562949147
2024-09-09 18,14.526405748709326,0.17324360345843973,55.59534700327486,14.742333084802356,8.024954507110184
2024-09-09 19,15.010376920486495,0.1775221533156112,52.071109547299365,14.59197582646155,8.49040935327087
2024-09-09 20,15.029513144431,0.19204021376571018,46.67593943952873,14.624517057868523,8.584411174325362
2024-09-09 21,15.994345736242144,0.18208885633911986,40.47708814435344,13.8570499723254,8.38849254680904
2024-09-09 22,15.404358355308592,0.1810410148238614,39.908748498561856,13.842081046443448,8.138849992607057
2024-09-09 23,14.830788351264202,0.1665430528990386,41.01071989584232,13.69203464757807,7.5314868475486625
2024-09-10 00,14.549646643028243,0.16201194720595385,43.536170512695946,13.692218396969508,7.341316758660171
2024-09-10 01,14.62231738641372,0.1536672265183145,40.99832147212715,12.500203122465246,7.007750350364532
2024-09-10 02,14.431491996153119,0.1690192686225182,42.055432955467886,13.969963825987168,7.67772422934133
2024-09-10 03,13.241057231070922,0.15650070199706317,37.2630688796715,12.689876098385895,6.942091230178564
2024-09-10 04,14.202958304964907,0.15595456964156618,31.102121076266776,12.258907540232599,6.900987989149131
2024-09-10 05,15.208329337306285,0.1617408868971181,26.89655431584308,13.749439330010889,7.305429836021235
2024-09-10 06,16.7601776455867,0.1735948282190133,25.330579292844657,14.427004757025527,7.941406490462624
2024-09-10 07,17.320917638773537,0.18794470167746685,29.414710474016154,15.347591802319515,9.711404012978017
2024-09-10 08,17.29778081336582,0.21258989655653407,40.507594932058886,16.195888179653313,10.654529171105159
2024-09-10 09,14.973877039622305,0.16846880779420376,50.56519724050558,15.249210896830771,8.161421770710767
2024-09-10 10,15.026644886991186,0.18208674690876575,58.86067122312777,14.855535284342373,8.71780930960963
2024-09-10 11,15.260945610215131,0.1750120376845413,62.11789644451591,14.501354175219083,8.419435419392258
2024-09-10 12,14.789749638326352,0.18349418546315766,67.39134044582401,15.010981976599815,9.469583878057344
2024-09-10 13,13.847002666877025,0.17149903944252584,67.35341886515644,14.829929434060697,8.452293960184385
2024-09-10 14,14.101311293889536,0.17425279527518958,63.77368489942385,14.548678958320647,8.389143359739219
2024-09-10 15,13.95136636254019,0.17666312053950167,61.17546981929562,14.58119889732529,7.829273200152969
2024-09-10 16,14.476418234950236,0.17851042897268532,57.635020476697825,14.279801380394957,8.20857598340233
2024-09-10 17,14.62463139255695,0.17502969795045142,55.90652204233167,14.293504606452034,7.898672722243373
2024-09-10 18,15.316503036420821,0.18108042470054272,55.4860268358485,14.163222068805387,8.16247467749745
2024-09-10 19,15.473669647907945,0.18295490943668863,50.06671250558713,14.132529894818289,7.666461534929427
2024-09-10 20,15.382180867662424,0.17604556464045457,46.21518511522684,13.820253457378243,7.933676416239178
2024-09-10 21,14.725164422219116,0.17111051645989772,41.21520996115428,13.142065105998316,7.430801990348951
2024-09-10 22,14.032797533830012,0.16284112571699433,42.79018434409143,12.899168014199212,6.923795759992986
2024-09-10 23,14.704729798977652,0.15732706006935387,42.35458861140706,12.868072478385454,6.5769956893301424
2024-09-11 00,12.770017985956343,0.14549213465951968,39.80188457687967,11.941022564993672,6.6135882780712505
2024-09-11 01,12.373849358401731,0.1477290451663478,37.224310394045126,12.168147621420427,7.277969282925696
2024-09-11 02,12.24956021691344,0.14172630440294148,36.887094375288164,11.736841921739662,6.517311558088933
2024-09-11 03,11.64476815095053,0.13515686004404856,36.09088039697612,11.3700100549296,6.135543523392751
2024-09-11 04,12.23475214704431,0.13981640670088286,32.01719049940621,11.390224899484393,6.3006498236851005
2024-09-11 05,13.426117211627655,0.1504747031725864,30.620315807922204,12.71061173969702,6.6559975269541285
2024-09-11 06,16.316107599852494,0.1744768887388394,29.837241247586448,15.417005612159706,8.314630307136493
2024-09-11 07,16.24205786175198,0.1818073325245231,33.027769410980106,15.798695101669486,8.28562600888565
2024-09-11 08,17.509088836611777,0.20234711439394099,41.569070630368785,17.086398602479687,9.627955777743258
2024-09-11 09,15.835562812636937,0.20158738520045344,50.1318236523051,16.77306732661786,9.199100179643622
2024-09-11 10,16.24958389289618,0.18293789510413838,57.03771466912364,15.63492439101144,9.131367065027813
2024-09-11 11,14.114395233940785,0.1686760217977844,64.29540610734232,15.593010963412466,8.834479196630944
2024-09-11 12,14.795186252780486,0.18071524434699732,67.36478417602402,16.760864404802472,8.77363360629361
2024-09-11 13,14.128376003829896,0.18194408728779085,67.33548939522224,16.296939530109377,8.58026071535597
2024-09-11 14,12.872093376157792,0.15540970818917074,73.12607627036118,15.518451104552296,7.757266463100481
2024-09-11 15,13.480344811149113,0.16670622105614039,63.61597883309815,15.058617891442896,7.951565930315382
2024-09-11 16,12.691825261227242,0.15454593728942123,67.81017493231809,15.246801893680475,8.013887330407286
2024-09-11 17,13.030452687047948,0.160266884010114,63.06821683146471,14.983840912995209,8.416205739156068
2024-09-11 18,14.712820304856008,0.18500743158185354,59.77999976900044,15.400273654247787,9.194825111890523
2024-09-11 19,17.784232431299028,0.2065758792485938,53.50065833445159,16.41964867576755,9.890930267279135
2024-09-11 20,18.16634674180551,0.2057744432795821,51.617269736626476,16.82077339582297,9.811931763724983
2024-09-11 21,15.937717233482072,0.1848012260043771,43.1390325892112,15.817008712657477,9.215470400481626
2024-09-11 22,14.978714885694542,0.17725450345408966,41.203317935008336,15.16998218471492,8.373486143449798
2024-09-11 23,14.662887119957091,0.16852297349405293,45.54014318506229,14.438760926980093,7.959233736944046
2024-09-12 00,15.3666700106133,0.18402950658160053,47.94448524912647,15.317134650583407,8.955199269291048
2024-09-12 01,14.205074687567821,0.1702717085925972,44.443246501104596,14.347609385802393,8.039501470448098
2024-09-12 02,13.644875804323316,0.15305614309608873,41.870549706041736,12.145181544760609,6.838314866744227
2024-09-12 03,13.384324987706359,0.1538366293931819,39.800180226744345,12.444979182574688,6.7158537943274705
2024-09-12 04,14.681188829166313,0.17259018178847813,35.03572422340988,13.321765414332347,7.439003138579568
2024-09-12 05,15.824752668058176,0.1848336212174625,31.153151145852604,15.064837108217338,7.844060956888122
2024-09-12 06,15.798862416143256,0.1718695439985707,27.221671110767428,14.453460586537096,7.786215034889339
2024-09-12 07,16.830155039791894,0.18956820828382062,33.23233125842686,16.231910874900887,8.543754533595267
2024-09-12 08,17.035060909901823,0.2065305265193145,39.94430624618795,17.49099720820076,9.28683559418602
2024-09-12 09,13.805616953196981,0.16891146560122494,48.76104352292672,16.32817947165994,8.127067371703877
2024-09-12 10,12.976003260020232,0.16049669868673241,58.05146723508914,16.385404589683215,8.44008250902607
2024-09-12 11,12.587841374048876,0.16160557430112196,63.98950263459853,16.260998065994727,8.948951125353236
2024-09-12 12,12.862514025655685,0.15703276611196876,67.99830385447424,15.830966509050931,8.343639998670378
2024-09-12 13,13.503782190336276,0.17223055378070926,67.01342932574389,16.24650584612823,8.619599312907038
2024-09-12 14,12.271785780921697,0.1534177240745266,70.49230300174808,15.691834669833044,7.083675967972065
2024-09-12 15,15.64619439086079,0.20980009485425724,68.6330762496104,17.55315807879739,9.085193268483788
2024-09-12 16,13.829783888284616,0.1806791075953586,64.24028166785271,16.207839566716505,8.180564699991535
2024-09-12 17,14.143717323120104,0.1836756626271278,58.09279772550616,16.180168904514264,7.981116188100638
2024-09-12 18,14.920899180056727,0.18672725073504037,54.267555214720346,16.6174521168958,8.255419584089807
2024-09-12 19,13.916989234964568,0.17887527992808838,46.96859456129394,14.799881534343958,7.729339609804978
2024-09-12 20,15.453811093747927,0.1882822718234774,46.97477404323788,16.350895276095198,8.206635509376754
2024-09-12 21,13.644539946023098,0.16674564843527911,43.68346617217218,13.679558283893865,7.549118956626285
2024-09-12 22,14.364510565429015,0.17450743626315454,44.52226501763387,14.00925283273675,7.769980093446877
2024-09-12 23,14.192966759807167,0.17267232840168764,44.19449413447605,13.790155437386819,7.768170075044095
2024-09-13 00,14.63503875428407,0.16898494830818056,45.31287563867605,13.380856037233691,7.616067108399088
2024-09-13 01,13.875916345713875,0.16028186033792818,44.494838240656556,12.674957696816145,7.450402211543056
2024-09-13 02,12.719250986914194,0.15490867110357395,41.63786472272243,11.798881886862839,6.377649715808185
2024-09-13 03,13.207714263803426,0.1764041466850636,41.62746974929825,13.225422442715763,7.646627936061671
2024-09-13 04,15.589624906028764,0.19972074324866482,38.135733640910004,14.420944464641389,8.071929245833077
2024-09-13 05,14.521928309099044,0.1854638553570532,34.1650490750378,13.027789612632615,7.202542623910459
2024-09-13 06,14.86237942481475,0.1780230766625934,30.173368621941727,14.452597942815,7.495548518059109
2024-09-13 07,14.2225539344874,0.17218307511488035,30.533637797644328,14.214583117905207,7.621675585678871
2024-09-13 08,14.442874746568931,0.17049260838625374,34.18667405483818,14.02074797953776,7.875334659975974
2024-09-13 09,14.098666984858625,0.16236123329970306,41.5228076701746,13.543012775660298,7.974404372728745
2024-09-13 10,14.713843219619234,0.16204266974824963,45.32691182043687,13.27401513850159,8.10639652091558
2024-09-13 11,13.301128644450145,0.1657118516726447,52.731990462985955,14.083316050082193,8.86891154860532
2024-09-13 12,14.595769775841656,0.17550622141314476,55.123807034453,14.503900863771591,8.665045909993566
2024-09-13 13,12.89031089438926,0.15779122523155398,57.62627881672828,13.331927337916392,8.241089005609503
2024-09-13 14,12.32469859023884,0.15365939136380982,57.219160181892235,12.954707463531971,7.2058833133982585
2024-09-13 15,14.723520750139146,0.17098877874004934,57.04917727638202,13.532165396107613,8.33261613219197
2024-09-13 16,14.242204428093366,0.16958901186615422,55.28616812401193,12.93215221633226,8.072166591172284
2024-09-13 17,14.553357393935459,0.17104313075088196,51.66334280986816,13.275421254729832,8.56403622921231
2024-09-13 18,16.50997782707163,0.18799598083956406,51.14616684503958,14.616137483923916,9.458584340705057
2024-09-13 19,16.739828946547483,0.18863318189909653,47.48179247531669,14.727837348738975,9.261378263662499
2024-09-13 20,16.89020728410191,0.200969438837466,45.95564586094422,14.437760668149176,8.149291873405238
2024-09-13 21,15.854830642352931,0.1785657346092252,40.01199691313494,14.031098167661687,7.928927865234583
2024-09-13 22,15.449520913095103,0.1778631312261913,39.283121020602024,13.550224338484755,6.888783339075822
2024-09-13 23,15.807150604162466,0.17623465864382426,40.55997246302647,13.411014637887932,6.8066428972753785
2024-09-14 00,15.000995065866979,0.16315879899951216,40.972711297878654,12.54220376977468,6.594556148713087
2024-09-14 01,16.139474720553707,0.17157140501413778,46.64314419731188,12.909742391012589,7.166449954201248
2024-09-14 02,14.099048960503598,0.1529107411274611,37.14426144396431,12.208191232584541,7.0086513873679195
2024-09-14 03,13.947425228072792,0.15016790356445278,33.407822682228286,11.777352516231657,6.835021825856795
2024-09-14 04,15.987539549555526,0.16947167844475433,31.646177446445787,13.83200508652762,7.739830584047
2024-09-14 05,16.54109248411446,0.1671006584843475,30.797247581741242,14.174041259866826,7.58458995865018
2024-09-14 06,17.724494869958672,0.17461446232535702,24.603344264710927,14.274973042911295,7.317547549443169
2024-09-14 07,16.45540889585536,0.17964126880140951,29.491882028661315,15.132139786519456,7.417308072699551
2024-09-14 08,17.265818954984297,0.18316749315400171,34.47211129781884,14.606158802322936,7.779549614476491
2024-09-14 09,14.049928493609489,0.1575517938584809,42.2721699064946,13.053281436226957,6.842874192910917
2024-09-14 10,13.650044555362275,0.16057961393899173,47.96693413093804,13.82646490931403,7.546711236731735
2024-09-14 11,13.208610930372535,0.15150667132771775,49.37940089938972,12.432406203758326,7.627680949571971
2024-09-14 12,14.36428171789704,0.17023049745810492,53.81166353793367,14.598674288934884,9.157824546211355
2024-09-14 13,13.895163435704102,0.14803516252380788,54.472912718806896,12.506950980761538,7.961997417883126
2024-09-14 14,14.770579340722598,0.1535663954757531,56.263456834293684,12.649458761309358,7.556473122645184
2024-09-14 15,14.419923786285842,0.15589536230377765,60.589706279774894,13.417641845136648,8.085462389391566
2024-09-14 16,14.574359800714525,0.17181853340825273,61.483888363793405,15.146602862449186,8.009329733996356
2024-09-14 17,17.47725353927365,0.19077693073629884,60.66349444778709,16.76160721216142,9.183780655545894
2024-09-14 18,17.57521854528479,0.20127358406003512,56.39017790960116,17.31205469366762,9.016457189072625
2024-09-14 19,20.35544862715171,0.23945902268015298,53.624642524311454,18.944570322116512,10.078962385619256
2024-09-14 20,19.944750276415807,0.21634228682110282,50.855764940743356,18.335005055665835,10.123056635929414
2024-09-14 21,18.35577256293518,0.2157858603328392,44.05187083181024,18.22293083036341,10.416452193105524
2024-09-14 22,19.337390508971144,0.22554509484801827,38.077569394833596,17.443396668088443,9.91871160282222
2024-09-14 23,18.24680254803403,0.20225423253702335,42.12426352434277,16.31486038258943,9.594936247771544
2024-09-15 00,16.495736383556142,0.18603641576289298,40.69975538303507,15.162619552716672,8.621433771367453
2024-09-15 01,18.23273961537287,0.19929473520688565,43.18651906399778,15.353449404117356,9.000570696756883
2024-09-15 02,17.254561270881194,0.19956915824786778,38.80128852030079,14.76609195863132,8.286080731817718
2024-09-15 03,15.262659895775714,0.17946363295204032,36.843800841952756,14.092300029203239,8.656481424012311
2024-09-15 04,13.13033106759982,0.1658461696917378,33.65241814354065,13.660357084651816,7.839400625346458
2024-09-15 05,13.000755417030186,0.18027327151082445,31.124554555109658,15.03009293550558,8.886669338023415
2024-09-15 06,14.516262037144585,0.18163984439408035,27.60044739358073,15.592044146374763,9.653701843945255
2024-09-15 07,16.02733427562287,0.18967246847155944,34.385378522387334,16.800817880160682,10.033220781389286
2024-09-15 08,18.075842707387057,0.1982367458166234,37.07772274755666,16.74854710544752,9.313886573236612
2024-09-15 09,19.45828506897475,0.20154934942018904,47.685266905259326,17.136431301291104,9.44565885398847
2024-09-15 10,13.426126255744386,0.17842125044741056,52.3220511244203,15.720179395729229,8.41609088958444
2024-09-15 11,13.870657567588148,0.17992022788489584,66.3466200547891,15.570887041258342,8.911212927223046
2024-09-15 12,12.971928381782178,0.15134324414985817,63.95591764662092,14.013513574780315,7.173051097676208
2024-09-15 13,12.15857038263298,0.14627759175481106,66.98736604799495,13.787574258015448,6.652387854576105
2024-09-15 14,12.995043082269351,0.16321450686541392,71.53129885094249,14.577925267234136,6.941496689386522
2024-09-15 15,13.041157797851145,0.1564500077250187,67.39716620904728,13.892685829172361,6.333109523575434
2024-09-15 16,12.916622457597112,0.16566384424076724,63.230998225090026,14.31450183673886,6.803393729634673
2024-09-15 17,14.446272567217813,0.17541242509982863,57.290082953317444,14.907617928871367,7.343793440127921
2024-09-15 18,14.287293138947211,0.1801816656640088,54.91846881448672,15.256025385871087,7.84273505982579
2024-09-15 19,17.480560759773255,0.22505615597703987,51.935245345573094,17.394304656225746,9.120584772904124
2024-09-15 20,18.62625688578526,0.21378547504334436,49.08383036276902,16.817099314132893,9.211578545226054
2024-09-15 21,19.201414180131994,0.2153341654309151,42.7186472883926,16.39098059319416,9.221768869708665
2024-09-15 22,16.04223712976136,0.17568149889928358,40.788261352513665,13.470318109493565,7.571886249996683
2024-09-15 23,15.426361230156875,0.1736592464619972,41.47132199826801,13.373911866266981,7.447958917553776
2024-09-16 00,16.142116163103996,0.19501834219877845,48.52615741696202,16.005272183288582,8.789281279819367
2024-09-16 01,17.099602131669904,0.18888056704636721,44.47209401911704,14.892357298270879,8.577245717060741
2024-09-16 02,16.94385902548523,0.18511616450975424,42.99923989167193,14.483162398329961,8.284032340158118
2024-09-16 03,15.011765849913147,0.17914724188605102,40.007736975109204,13.981129197252523,8.001989503214022
2024-09-16 04,17.82187826263029,0.1852300105328502,38.20945252581102,14.382522336869487,8.662022240028932
2024-09-16 05,23.08664581037391,0.20471772314969164,37.48922842337377,17.76418052501017,10.17350851763572
2024-09-16 06,19.71819192355832,0.21027048961321718,29.552135363193088,18.021235996193187,9.639320619835084
2024-09-16 07,21.58289283554917,0.23978560678639524,35.5698485907834,20.77932452404039,10.570093828981546
2024-09-16 08,18.13421250671184,0.1896351488069111,36.060317559831134,17.891364183450893,9.048093477228626
2024-09-16 09,18.748401990284933,0.21411873781344815,52.54169749580167,18.35738745893415,9.682022290442218
2024-09-16 10,16.387598975829047,0.18179541070306207,52.730187355905905,15.975525120722196,8.558770392534038
2024-09-16 11,15.142259650445979,0.16200552018926526,54.42137476001054,15.05020909369353,7.30326492809353
2024-09-16 12,13.977083296037781,0.1543684940807951,57.02535927463135,14.830629637895472,6.9131823973847375
2024-09-16 13,14.34546240545706,0.15828778759510392,60.48294477058371,15.178305845444125,7.203252210174691
2024-09-16 14,14.097038265144862,0.17055119470705032,65.02199737275674,15.911109464563467,7.72829307326486
2024-09-16 15,13.670433370894362,0.16888203836594431,66.81873385001063,15.707309472087175,7.7864518943110514
2024-09-16 16,14.027355517768099,0.16672157980315885,63.67593384494502,15.784813105011175,7.943490499314227
2024-09-16 17,15.49146442859575,0.17881400325055918,62.25885958591558,16.49377286492773,9.037702881722748
2024-09-16 18,16.05766116676525,0.1791867728369654,55.89542461981464,16.50800481755106,8.822986842940736
2024-09-16 19,16.704060899488542,0.17998577836209617,49.56915293562976,16.200960612092107,9.183544598568297
2024-09-16 20,16.783692675960683,0.18689108699966608,47.90799099474492,15.748334224284925,9.081394241564329
2024-09-16 21,16.64417367837693,0.1847917524884755,40.947711074973526,15.313586785051806,8.189930902493535
2024-09-16 22,16.85088498837694,0.18302401544844182,41.205962689587864,14.094663005844508,7.616703297096861
2024-09-16 23,17.052991569656918,0.17079441047707827,42.14286400700651,13.44497231105816,7.124181687754617
2024-09-17 00,16.522245976986973,0.16767818160287426,43.77333133363635,12.986864499121637,7.177905548293144
2024-09-17 01,15.42638502510988,0.1643129436043642,38.31330201706916,12.421334558987729,6.955183745197188
2024-09-17 02,14.943990584294301,0.1618513210529932,38.81861110731894,12.174017948967219,6.764469707054502
2024-09-17 03,15.381298922510748,0.1524028888258743,35.96262147905664,11.580278585035472,6.590091435900412
2024-09-17 04,15.468538034776463,0.15931337130114218,28.984338769931295,12.241161896618662,6.781400814860218
2024-09-17 05,16.24870559640908,0.17112296710477165,27.03566982967102,13.561478299078711,6.833759096757813
2024-09-17 06,18.170853990084794,0.187155528036415,27.437627858816924,15.02082845248006,8.574054503320653
2024-09-17 07,18.035162309260883,0.19594781811294398,31.237421247749378,16.44569559867506,8.647738830448196
2024-09-17 08,16.18142939976827,0.19977716161225006,37.55849797079923,16.00629837956918,9.156845309166055
2024-09-17 09,15.45439842186514,0.1810060652589489,46.14356048697274,15.37900742920447,8.367610861323666
2024-09-17 10,16.886616025935695,0.1915449828182038,55.71433401940139,16.140677124102442,9.111801603364512
2024-09-17 11,15.16699802191884,0.17362600863025537,58.65776149473904,14.798879904402742,8.404806805962973
2024-09-17 12,14.272172634738187,0.1716185374476528,61.152726704603296,14.555730025313204,8.475706299684333
2024-09-17 13,15.289681112909001,0.19505643459291463,68.08602304423793,16.205406323711536,9.790109771564397
2024-09-17 14,14.867336978162495,0.17671950607427678,70.57088774111888,15.009463603440546,9.16733687592305
2024-09-17 15,13.083524622630026,0.16975443295051784,68.3578840864946,14.84437482028918,8.613687516338024
2024-09-17 16,13.709942413259315,0.17202520565905904,65.63878485103734,15.310962503948863,8.783636749935924
2024-09-17 17,14.62916633865025,0.17959222795043764,60.92660741712549,14.9621608154691,8.140225018508868
2024-09-17 18,16.484934297124358,0.1905663622369194,58.19603216906473,14.9384054272399,8.302699493933362
2024-09-17 19,18.15537291472806,0.2023808095764345,55.49056195335997,15.400871878909303,8.836747468316402
2024-09-17 20,16.32885136917592,0.1895484558216043,48.21955816875158,14.538759829999567,8.452022377272145
2024-09-17 21,16.51984103315814,0.1916941681692956,45.483215524950495,15.645269104306676,8.496927035613213
2024-09-17 22,16.940499353661792,0.19217037597852987,47.385270290806076,15.907835612209526,8.654511909540554
2024-09-17 23,16.316026989438114,0.19469984748340077,45.46525273031804,16.19957295548044,8.958150781646815
2024-09-18 00,19.212972961081565,0.2280699813202834,45.67574549370618,16.84608917617678,9.774178077926033
2024-09-18 01,17.783006225299616,0.22331678524298199,46.095827277143975,16.92351762864112,9.727406403682854
2024-09-18 02,16.339462771992455,0.21237011565560526,43.59453810167544,16.141489654317258,9.397468324206622
2024-09-18 03,17.449260641549962,0.21292060099378937,42.59217009753772,14.911626835215634,8.711737020261445
2024-09-18 04,18.956942681075148,0.19696841714083702,42.228453449453966,16.142971795820376,8.701367446712759
2024-09-18 05,20.546334563353465,0.20683312754294614,37.88931740199904,17.19278340473814,9.548243506285232
2024-09-18 06,22.580052140208227,0.22662198477352605,34.23702004173502,19.588882790910052,10.1362043935226
2024-09-18 07,23.332563405646113,0.2480766717176977,39.764233347953855,21.08376598582318,11.016871799290577
2024-09-18 08,21.921025667186086,0.2516590532665948,46.59211945394999,19.40589223449837,10.652567551955254
2024-09-18 09,22.64587082068323,0.22407288353915944,55.922246137188765,19.904626742512633,10.691064419424718
2024-09-18 10,17.349485231902538,0.20082615765743592,65.43151955520455,19.316275447224022,10.038759882405236
2024-09-18 11,16.974826017619314,0.20179004061985895,71.76532085713632,20.01096530145807,9.771832185953905
2024-09-18 12,15.695929772235592,0.18110126725784034,76.2478265498928,19.440549079997567,8.77991481295607
2024-09-18 13,15.888594021790489,0.18302900593495097,77.84810298783644,19.56410271570145,8.941316720172228
2024-09-18 14,15.797886124536202,0.1851302765570425,75.42409965453285,19.619649143271644,8.635545592650038
2024-09-18 15,15.378144897624429,0.19423975953838768,76.06864191201838,19.436738883117172,8.836420316275685
2024-09-18 16,16.243672057513077,0.2062209434843579,76.25490354287744,19.772796813910208,9.654993494268616
2024-09-18 17,19.724545733120916,0.24048721555028138,77.25474735248694,21.890402512199394,11.725946781078408
2024-09-18 18,22.02739316175737,0.2580168310050483,70.11362011027751,21.43265537995968,12.450741256676048
2024-09-18 19,23.346078313568018,0.25693569157478724,60.57360061469795,20.81373680794042,12.104901258168038
2024-09-18 20,23.102466569368186,0.2763068233845949,61.04019512899237,21.73258635493447,12.058830366629817
2024-09-18 21,28.104492245144783,0.2822405009142416,51.32270977014444,20.574900789265495,11.721422570681387
2024-09-18 22,26.693059509138095,0.27097135179093906,50.91241999917924,20.706105128489913,11.521027472336337
2024-09-18 23,22.696209822668525,0.2496968860347546,56.95067825000566,20.1124721379281,11.047323448239617
2024-09-19 00,19.920011882409206,0.2331938831231196,54.80786392493113,18.585637381864032,10.775685503404242
2024-09-19 01,19.329955778942114,0.21748520439485233,51.55557063165414,18.342342813539684,10.576370846900426
2024-09-19 02,17.70086723804479,0.20680709129434183,48.881722713578704,17.39062333328197,9.935129162476095
2024-09-19 03,17.811925655543057,0.20990753347437316,53.55168965149559,19.714146234984792,10.921520583893388
2024-09-19 04,18.388461483606452,0.2051669189833257,39.28170203242153,16.779276591067354,9.5894921341608
2024-09-19 05,19.339267488158182,0.19964858107530964,41.198534839545545,17.154902783120775,9.450121073297442
2024-09-19 06,19.340672992597415,0.19504882981003996,36.98465783693706,17.50117549705703,9.843042022525887
2024-09-19 07,23.882776742782642,0.23984485886034224,43.82192124125871,20.395997945051477,10.712790925532127
2024-09-19 08,19.093121233884066,0.21071108623275783,45.70478674784083,19.38264348159036,9.951636338851054
2024-09-19 09,17.418151558114253,0.215628376779626,59.706666346902374,20.899421439867435,11.051840515491575
2024-09-19 10,17.52295026444303,0.2270737197405502,70.99271207541523,22.196795590808236,12.672601475441056
2024-09-19 11,15.132744643077523,0.2040549111940203,76.17250535257101,21.499064022209794,11.964469227003123
2024-09-19 12,14.678523893963472,0.1878065628027492,77.61473335863049,21.495222120123515,10.946814408875152
2024-09-19 13,13.560189781730527,0.18282313539018535,83.31447880715146,22.741600195494552,10.540936061556303
2024-09-19 14,14.124879244206479,0.1907811066024984,81.1377528325858,22.328863300770053,10.909626560055369
2024-09-19 15,12.988212603369103,0.19064392992774334,79.36976243610441,23.44510642064174,11.720733566615335
2024-09-19 16,13.164908620072081,0.1855911662357466,73.93644338178133,23.9059901908535,11.557949925535135
2024-09-19 17,15.54938228373855,0.20241185309965634,70.63065155341002,20.981637185774424,10.56812795153522
2024-09-19 18,17.272230274966624,0.21119070755602057,64.6597226891104,19.905375369181794,9.554854021490147
2024-09-19 19,16.725346317990745,0.20186981676219332,61.52269991815586,19.469439139138462,9.50374338097789
2024-09-19 20,17.53611486851011,0.20605165056768887,59.46197106426715,19.144911173490208,9.161981527064388
2024-09-19 21,17.029956142062417,0.20105473278633124,53.54184898858555,17.924000435053205,8.732968350980679
2024-09-19 22,15.323779684564089,0.18508357666044842,49.85931328328027,14.592180881580907,7.8158118047813865
2024-09-19 23,15.246090261761552,0.17814862256158304,50.15098907958273,14.056530569418346,7.612317273334331
2024-09-20 00,16.35933582251051,0.20777440059602573,50.85202417536169,16.220401604278585,8.855733210917183
2024-09-20 01,10.905511688967703,0.1887144825923064,50.074909120657765,14.912861379702402,8.49404308643221
2024-09-20 02,9.904934995668508,0.17221564960432362,47.57486909035958,13.323654359225479,7.47472565139047
2024-09-20 03,12.145919361591988,0.19976715185607133,47.32083893176653,15.05266131677462,8.880831250634358
2024-09-20 04,15.825932807278871,0.20417784281589654,43.05484755494134,15.793419984096296,9.194382970463748
2024-09-20 05,17.552045183867996,0.21215079722152477,42.85488593671835,16.443266927398255,9.62844251369085
2024-09-20 06,20.661031090492983,0.2142654602081851,40.803933939640444,19.724189500665354,10.136087309597857
2024-09-20 07,21.60650246286996,0.23847794804498093,44.35275639676127,23.68736393229174,10.516425928325724
2024-09-20 08,21.449018808167974,0.2582586869227261,44.680577864234834,22.697497602004937,11.414561683930966
2024-09-20 09,19.617618048649472,0.24135787167454623,51.86167630955093,19.70882165757143,11.009837581971762
2024-09-20 10,14.929833427555671,0.23589391850493374,55.34462688232403,18.836135117406624,10.524923443630964
2024-09-20 11,14.920446480180738,0.24239645903000215,64.63816824677534,19.676299522941704,12.152104192080397
2024-09-20 12,15.118049082445124,0.2307382859606731,64.25464352867522,18.56752091055729,11.025943111236808
2024-09-20 13,12.22841610702435,0.18747289846431123,65.44441362690591,16.806837630840196,9.51342155235591
2024-09-20 14,13.33039813742049,0.20810687260603802,67.38398227150707,18.300063177872953,11.391622972990628
2024-09-20 15,12.721610232991269,0.2180179012177588,66.20960456376292,18.24945909773107,11.285966187728393
2024-09-20 16,13.962844456729504,0.2006615316787706,61.29962023409875,15.767830882170964,9.602526209532806
2024-09-20 17,18.972589940377475,0.23141214628022344,62.7491468386349,18.746233784489252,11.012893904769026
2024-09-20 18,19.24272797899537,0.23609329302508797,62.960386168949526,18.398658576469725,10.833934571882065
2024-09-20 19,19.764682817588938,0.2241211057801875,55.0974423176546,17.923721585131172,11.200631975918743
2024-09-20 20,17.823022494610917,0.21126580653037702,49.2146683886061,17.22087036583582,10.652315754464228
2024-09-20 21,21.895226743947724,0.23037309872205344,50.71980554664293,19.059144288353078,11.6980431138771
2024-09-20 22,17.802634418974854,0.20426938676549053,47.33026016380549,17.238285575366874,10.062492770512492
2024-09-20 23,14.202998537496637,0.17622336898897584,41.90703651925782,15.484184782264272,8.515190168043416
2024-09-21 00,15.83793891831423,0.1852908515107973,52.579784259658744,16.0277977484263,9.824422101724423
2024-09-21 01,15.934007635905125,0.1866284085483734,43.57666161813433,15.409683788201173,9.31023649502346
2024-09-21 02,15.785016841341848,0.1804142889633461,33.15732350973837,14.952257828400302,9.29597451756152
2024-09-21 03,15.390992018751993,0.18282013089164806,26.306529745798226,14.842302242747191,8.996771991668082
2024-09-21 04,14.702073975551885,0.1594718477163014,23.6961503351839,12.92804174237897,7.832969179596266
2024-09-21 05,18.079911131420694,0.19723216071593302,30.139741681941263,16.27601054268775,9.856565431794122
2024-09-21 06,17.338184570903678,0.1939161605717075,30.744704787852488,15.852970743609841,8.932827667490534
2024-09-21 07,16.006478997925964,0.1885872875455404,30.446788221560205,16.280265380028446,9.016455144508777
2024-09-21 08,14.576819730612158,0.18078274996806878,34.08584726012745,16.299326250864798,8.79228242215316
2024-09-21 09,18.096919682396216,0.21748314740224312,50.154996086867115,21.497467733291288,12.089198538767107
2024-09-21 10,13.005917289482932,0.19124753042204742,53.0634467094727,19.971531924848637,9.243687073698428
2024-09-21 11,13.93911069001509,0.20992756641707958,61.24045241114702,20.924249502049275,10.718396775495508
2024-09-21 12,12.188284312356977,0.20859878742381666,65.33702937945493,20.057537319208453,11.112554026134024
2024-09-21 13,11.819050067645076,0.200843233317763,68.32071453922349,20.075777661243787,10.45601182469128
2024-09-21 14,13.263849142068315,0.21061203700573466,73.45115814682555,21.422842455838577,12.036799646364871
2024-09-21 15,13.565589272116991,0.20375333124337916,72.30036245679153,21.05999360999129,11.162438372264564
2024-09-21 16,16.245166536835235,0.22630339710576922,69.50395991161048,21.283197428552718,11.442619426660219
2024-09-21 17,19.445882272835885,0.2309915297995332,62.20586615282515,21.774623057333738,11.933347751980815
2024-09-21 18,19.440570233201818,0.23096472537629417,62.7399305830862,19.93951157829848,11.332168148189366
2024-09-21 19,19.96692574445176,0.23038930112157835,58.084810109667956,20.80583227129359,11.281467196804943
2024-09-21 20,20.02517569783469,0.22985250316234326,54.1869517171756,18.827528212621484,10.972092072864974
2024-09-21 21,18.993091585050045,0.2195416476542433,50.114194731105044,17.49316896018389,9.916820711978065
2024-09-21 22,18.045663634741867,0.19679563386820742,46.89656309768451,15.31109050594995,8.826883287484689
2024-09-21 23,17.046405015888375,0.20051130922971627,51.030174104315506,15.301841409134795,9.06624160507151
2024-09-22 00,14.44053285390852,0.19875620769329067,43.43754861332303,15.725806856996504,8.699951672716898
2024-09-22 01,12.459448497060144,0.1861091988766231,42.32605571177709,14.880314613345876,8.21454422966244
2024-09-22 02,11.092601406753461,0.17291643071081275,39.953527988484886,14.127985130850517,7.646732865109009
2024-09-22 03,10.552086604937713,0.16938748273718002,39.60471907453538,13.07633832326752,7.55755699463838
2024-09-22 04,11.78844773903851,0.16030391107053246,36.547018324756706,14.048089092237998,7.7959257028423234
2024-09-22 05,12.561128779182118,0.17058624659676339,37.02175805747812,16.54633817931885,9.664086700932785
2024-09-22 06,15.121307021984958,0.18657664170487961,33.394344546573876,15.491359704439226,10.418484102930371
2024-09-22 07,15.286554418913854,0.18424257424234036,34.02465925952057,14.873593315608543,9.293768993225793
2024-09-22 08,14.51530232822478,0.20391440377173944,37.69749736396197,16.226760472880624,10.709723858852058
2024-09-22 09,14.194715516698471,0.1943077758520884,45.03649097943365,15.926627042290368,9.849363953579822
2024-09-22 10,12.513367341120833,0.19266350827515516,50.91123186115529,15.737183136722283,9.900720253863964
2024-09-22 11,11.627099782554563,0.17865459758643054,53.41154899107774,13.839052148682145,8.203390370213963
2024-09-22 12,13.535771596710486,0.1711274364554704,58.42312166487051,13.989224581297176,7.543230254999962
2024-09-22 13,12.927958328466701,0.17899517521801805,60.80922378843469,14.611348469899049,8.253030242593674
2024-09-22 14,13.954115279565283,0.1815581971942522,62.51776234438258,15.070115320288027,7.935376573037545
2024-09-22 15,13.849922696268496,0.18520014864989373,62.472638649225594,14.967264740617154,7.9184935708857
2024-09-22 16,14.112436295720796,0.18868989689908844,58.01958294777689,14.550805501523,7.974981558554652
2024-09-22 17,14.678908450350875,0.20314086917031712,56.977224785816624,15.585714836641547,8.851451249486546
2024-09-22 18,16.577733045339098,0.2159657062367237,52.59204794708378,16.072766911074584,8.761096669214153
2024-09-22 19,16.387308762016634,0.1977880353350166,49.58472574898204,17.44179853773279,10.062234578810916
2024-09-22 20,19.101720596165364,0.21621556452096832,51.05732765268139,20.40169321683205,11.365480095108007
2024-09-22 21,18.05700590414342,0.19516577918155834,40.66196057249212,16.641319354715552,9.535827482768417
2024-09-22 22,15.794752477320817,0.190763315507326,40.92296303998536,18.49047182541949,9.641362192860809
2024-09-22 23,14.532541133427603,0.20630596148278396,44.06246811257226,14.887397211633457,9.006121444923533
2024-09-23 00,14.3977360717465,0.17534841096866724,44.80466497462906,13.84905369692,7.381423872815375
2024-09-23 01,15.219402542464762,0.17289367342458134,41.428846114345205,14.012729530063467,8.028590914556167
2024-09-23 02,14.012855261470381,0.16004619463852962,42.903184182657704,12.885553426859609,7.118680747865387
2024-09-23 03,13.341490166692852,0.15050670339292282,36.40877273566814,12.698779102923034,6.87032510591093
2024-09-23 04,14.851090963648538,0.1588542844129826,35.94665465349524,12.57974063400553,7.081308591009089
2024-09-23 05,17.44499728024726,0.1679350909871147,30.970530092426568,13.773527525058189,7.62121867485097
2024-09-23 06,18.445201350751912,0.18138992079278274,27.356982187886395,15.678602619670833,7.807282241458895
2024-09-23 07,18.11370298795777,0.19596816526271169,31.390194520257626,16.68470630630641,8.138291759118921
2024-09-23 08,17.758512932019833,0.19880869105327256,35.796102271999985,16.07478330083553,8.31433159414255
2024-09-23 09,15.24579130173297,0.18159319643484,44.42912325615222,14.634519522741796,7.931238035301878
2024-09-23 10,14.752364819453971,0.1841315771596784,53.13966841164859,15.5006639934462,8.200305333439616
2024-09-23 11,15.711116316799567,0.1746272180008105,56.29692795816178,14.261166554310392,8.430750972859055
2024-09-23 12,14.598982294734084,0.16438416823062219,60.6461438779436,14.501391171140227,8.934147682430345
2024-09-23 13,15.828794141534198,0.17369800966879537,56.42060919076185,15.134959816693629,8.466497618861037
2024-09-23 14,14.3624006345467,0.19160578639034082,54.73634340158803,14.046813942626937,9.31159708937927
2024-09-23 15,13.40333696001647,0.19287624821387495,52.99590733168463,14.512649074590339,9.604692509232915
2024-09-23 16,14.59623065132702,0.2004647949069663,52.09557280213027,15.651322783362248,8.825599852831218
2024-09-23 17,16.490969557653724,0.19096828944580063,49.351053689398256,14.873820488965169,8.987928148185244
2024-09-23 18,14.962371029441263,0.1865649124778124,47.30152445777264,14.490820677359382,7.829782912026399
2024-09-23 19,14.59515785202436,0.19651399534995104,44.62067882407598,15.571033023511934,8.641424427627225
2024-09-23 20,15.309710139556008,0.18528801603035341,41.04369530060361,14.53198307935642,8.093634296179616
2024-09-23 21,14.458985715282843,0.17606590643067388,37.37931302198496,13.63492419144323,7.512338522335892
2024-09-23 22,13.20853375394788,0.16937600595634916,35.02728860528577,12.66171256694969,7.446219800048761
2024-09-23 23,12.805352915945088,0.16106522852556635,35.77005447265047,12.176642593124694,6.958487449182564
2024-09-24 00,13.82704143098208,0.1617398389745775,38.99350906965942,12.258120598212999,7.101472363409864
2024-09-24 01,11.91326594233041,0.17151865328749114,37.630458437090454,14.05987406617417,8.13156891426817
2024-09-24 02,12.880068645037605,0.17731823998376686,37.14920808642278,12.733567513942575,7.4618071718503
2024-09-24 03,12.600505423959872,0.14324167666651041,40.2687501239584,11.376319065007753,7.090294803143151
2024-09-24 04,13.73224405568921,0.15240921184407785,32.4787934050491,11.816274817304974,6.49058041872601
2024-09-24 05,14.107098143838549,0.15912606235903606,27.7699117543363,11.477661740377219,6.538295431315422
2024-09-24 06,13.845773574034961,0.18334254818564896,27.86649310471787,14.01413420234886,7.4509574523378
2024-09-24 07,13.516674264482303,0.177242425485539,29.752498539744497,13.755539343217995,7.20452943791691
2024-09-24 08,14.529649490692059,0.19385634303303817,37.10218195482589,14.61940098768327,7.990270974287186
2024-09-24 09,15.208046742083932,0.18591501006506472,46.749626127401875,13.93336421492024,7.545667531863561
2024-09-24 10,14.972147195166114,0.18680141729768707,52.36852504419587,13.614494983109472,7.85982547731786
2024-09-24 11,14.952053494446819,0.18096063357899533,53.81879643231193,13.929083417494589,7.806974072422819
2024-09-24 12,14.241212305993875,0.17651294857613994,53.607634144140825,13.67298645551565,7.342632656286555
2024-09-24 13,15.135189683966669,0.17991117197721546,58.909124510796026,14.083388383809597,7.719077854731765
2024-09-24 14,14.51610682153713,0.1759380928371344,60.058340588231694,13.859762733736764,7.528778912953158
2024-09-24 15,14.135667429746805,0.17134300832110305,57.160473538101336,13.444037382812816,7.1573172455289145
2024-09-24 16,14.584039090536253,0.1763839389605361,55.96378917477882,13.458823752497537,7.155695149832433
2024-09-24 17,17.327478666295516,0.21224114613177306,53.23573945832318,15.789552451179192,8.87114387356102
2024-09-24 18,17.87687251485485,0.193420545898137,48.733786667620144,13.56003678387945,7.826759620248499
2024-09-24 19,19.427221808508143,0.21720106791151636,49.48797914833843,15.807537761408623,9.189112672143667
2024-09-24 20,18.98695263455094,0.20929166957544942,48.021267593927455,15.090473523198527,8.437397650306306
2024-09-24 21,18.025111035361473,0.20445353685267983,42.02918210604799,14.386293942786834,8.188632502074062
2024-09-24 22,17.252342365893252,0.18978702499154532,43.858319164854045,13.78516210111749,7.694221203453811
